language,year_st,title_length
dan,1601,199.9189189189189
dan,1602,226.1875
dan,1603,184.0
dan,1604,146.9
dan,1605,203.11764705882354
dan,1606,184.84615384615384
dan,1607,264.02564102564105
dan,1608,220.93478260869566
dan,1609,240.03846153846155
dan,1610,219.72340425531914
dan,1611,195.61702127659575
dan,1612,263.1666666666667
dan,1613,231.0
dan,1614,240.1
dan,1615,205.52
dan,1616,231.75
dan,1617,225.59574468085106
dan,1618,256.7608695652174
dan,1619,205.08163265306123
dan,1620,179.4418604651163
dan,1621,197.42857142857142
dan,1622,248.9
dan,1623,191.03508771929825
dan,1624,231.53125
dan,1625,239.609375
dan,1626,215.33333333333334
dan,1627,242.42857142857142
dan,1628,218.64864864864865
dan,1629,212.63829787234042
dan,1630,187.8846153846154
dan,1631,246.31746031746033
dan,1632,240.015625
dan,1633,260.2837837837838
dan,1634,244.81034482758622
dan,1635,260.52777777777777
dan,1636,284.77142857142854
dan,1637,232.94285714285715
dan,1638,226.04347826086956
dan,1639,237.59183673469389
dan,1640,237.15068493150685
dan,1641,247.94545454545454
dan,1642,184.27118644067798
dan,1643,221.75
dan,1644,227.76068376068375
dan,1645,234.58064516129033
dan,1646,256.85483870967744
dan,1647,247.75
dan,1648,284.76576576576576
dan,1649,230.4320987654321
dan,1650,241.05454545454546
dan,1651,220.35384615384615
dan,1652,229.25714285714287
dan,1653,222.26923076923077
dan,1654,243.14
dan,1655,220.2941176470588
dan,1656,230.1888888888889
dan,1657,242.03157894736842
dan,1658,220.02666666666667
dan,1659,218.4
dan,1660,221.8082191780822
dan,1661,232.58947368421053
dan,1662,211.55769230769232
dan,1663,193.4927536231884
dan,1664,203.5079365079365
dan,1665,187.85714285714286
dan,1666,233.3030303030303
dan,1667,182.21428571428572
dan,1668,191.26666666666668
dan,1669,172.2608695652174
dan,1670,169.22340425531914
dan,1671,218.83333333333334
dan,1672,204.0
dan,1673,240.8918918918919
dan,1674,231.97435897435898
dan,1675,176.78125
dan,1676,208.20192307692307
dan,1677,211.01388888888889
dan,1678,204.55172413793105
dan,1679,219.5
dan,1680,191.35849056603774
dan,1681,190.2929292929293
dan,1682,185.45454545454547
dan,1683,172.8939393939394
dan,1684,192.30841121495328
dan,1685,207.80246913580248
dan,1686,178.47457627118644
dan,1687,210.1639344262295
dan,1688,191.3793103448276
dan,1689,196.70689655172413
dan,1690,208.6326530612245
dan,1691,193.70212765957447
dan,1692,205.8372093023256
dan,1693,239.14754098360655
dan,1694,206.76923076923077
dan,1695,243.49180327868854
dan,1696,201.7471264367816
dan,1697,235.15384615384616
dan,1698,203.34545454545454
dan,1699,235.87272727272727
dan,1700,91.36095159967186
dan,1701,154.6067415730337
dan,1702,175.33962264150944
dan,1703,200.98765432098764
dan,1704,202.24615384615385
dan,1705,197.44285714285715
dan,1706,165.75806451612902
dan,1707,161.13888888888889
dan,1708,178.90384615384616
dan,1709,204.82857142857142
dan,1710,158.5
dan,1711,159.234375
dan,1712,159.39583333333334
dan,1713,185.3181818181818
dan,1714,171.75806451612902
dan,1715,166.86666666666667
dan,1716,183.875
dan,1717,194.43023255813952
dan,1718,210.2
dan,1719,203.5421686746988
dan,1720,190.8
dan,1721,160.6978417266187
dan,1722,172.22033898305085
dan,1723,176.17796610169492
dan,1724,160.71774193548387
dan,1725,154.85185185185185
dan,1726,174.6605504587156
dan,1727,179.77894736842106
dan,1728,196.6990291262136
dan,1729,180.9346405228758
dan,1730,156.90967741935484
dan,1731,160.37037037037038
dan,1732,195.5
dan,1733,164.65454545454546
dan,1734,159.9430894308943
dan,1735,186.36363636363637
dan,1736,157.30666666666667
dan,1737,173.25874125874125
dan,1738,169.5859872611465
dan,1739,171.83236994219652
dan,1740,175.03862660944205
dan,1741,192.89340101522842
dan,1742,190.94581280788177
dan,1743,175.36567164179104
dan,1744,163.63529411764705
dan,1745,181.75129533678756
dan,1746,187.185
dan,1747,177.46363636363637
dan,1748,161.96595744680852
dan,1749,190.15384615384616
dan,1750,158.25390625
dan,1751,151.43125
dan,1752,178.49802371541503
dan,1753,162.5742574257426
dan,1754,190.51190476190476
dan,1755,166.35023041474653
dan,1756,178.55364806866953
dan,1757,153.64583333333334
dan,1758,172.44298245614036
dan,1759,181.80851063829786
dan,1760,161.18495297805643
dan,1761,165.71153846153845
dan,1762,190.62376237623764
dan,1763,164.28838951310863
dan,1764,168.1417004048583
dan,1765,160.7594936708861
dan,1766,159.8082191780822
dan,1767,159.23451327433628
dan,1768,159.58695652173913
dan,1769,147.2910447761194
dan,1770,157.60955056179776
dan,1771,143.2948717948718
dan,1772,149.70580110497238
dan,1773,142.45390070921985
dan,1774,138.19354838709677
dan,1775,134.6266318537859
dan,1776,137.88916876574308
dan,1777,138.22168674698796
dan,1778,141.96306068601584
dan,1779,129.7804232804233
dan,1780,124.2948717948718
dan,1781,115.2089552238806
dan,1782,126.81877729257641
dan,1783,121.88056206088993
dan,1784,131.73829787234044
dan,1785,123.3900293255132
dan,1786,133.81172291296625
dan,1787,133.6590163934426
dan,1788,112.33707865168539
dan,1789,116.45972495088408
dan,1790,119.11503067484662
dan,1791,117.91218637992831
dan,1792,124.33438985736926
dan,1793,122.94277108433735
dan,1794,126.22146739130434
dan,1795,127.47813822284908
dan,1796,122.85365853658537
dan,1797,120.09759188846641
dan,1798,114.89047619047619
dan,1799,121.29256594724221
dan,1800,96.56200429916241
dan,1801,119.20158887785502
dan,1802,117.94929881337649
dan,1803,117.67438867438868
dan,1804,124.46246648793566
dan,1805,117.3924963924964
dan,1806,112.98181818181818
dan,1807,113.53144266337854
dan,1808,114.12518195050946
dan,1809,110.45
dan,1810,109.5040650406504
dan,1811,100.1919191919192
dan,1812,105.81647398843931
dan,1813,104.97131147540983
dan,1814,99.2818035426731
dan,1815,105.31063829787234
dan,1816,109.42264150943396
dan,1817,107.96272630457933
dan,1818,121.17132442284326
dan,1819,109.37582128777923
dan,1820,109.64299242424242
dan,1821,105.31016731016732
dan,1822,105.61873350923483
dan,1823,100.55763688760807
dan,1824,104.9606512890095
dan,1825,109.64826700898588
dan,1826,104.84130434782608
dan,1827,103.14841351074719
dan,1828,109.06036446469248
dan,1829,106.47238542890717
dan,1830,105.0466439135381
dan,1831,107.92738407699038
dan,1832,110.84247104247105
dan,1833,104.31409168081494
dan,1834,105.26812227074235
dan,1835,98.98385650224215
dan,1836,104.00257289879931
dan,1837,101.5587044534413
dan,1838,102.61960431654676
dan,1839,106.2361010830325
dan,1840,98.47204610951009
dan,1841,96.44484240687679
dan,1842,98.23287671232876
dan,1843,98.05310344827586
dan,1844,96.65061014771997
dan,1845,90.93623942745609
dan,1846,96.3119795003203
dan,1847,95.0271676300578
dan,1848,94.76941176470588
dan,1849,93.06151241534988
dan,1850,93.91730141458106
dan,1851,88.42687559354226
dan,1852,93.118217909131
dan,1853,92.37597076290544
dan,1854,91.87026039287346
dan,1855,93.56187144731089
dan,1856,90.872
dan,1857,89.72667253521126
dan,1858,92.39693926351028
dan,1859,90.03982080637132
dan,1860,88.0016583747927
dan,1861,89.66108949416342
dan,1862,87.56941566514712
dan,1863,89.37782721542455
dan,1864,83.90248003362757
dan,1865,90.04230625233994
dan,1866,83.85224839400428
dan,1867,86.14319972593354
dan,1868,85.85519223859144
dan,1869,85.05102040816327
dan,1870,85.17682709447415
dan,1871,85.61286456252498
dan,1872,85.91121951219512
dan,1873,79.77964393684918
dan,1874,83.76747224036578
dan,1875,84.49041255084254
dan,1876,78.25916398713827
dan,1877,82.03489096573209
dan,1878,79.6395908543923
dan,1879,84.63122437024019
dan,1880,79.6523178807947
dan,1881,76.52815013404826
dan,1882,79.66100386100386
dan,1883,78.2172090729783
dan,1884,76.56743002544529
dan,1885,76.16388571428571
dan,1886,76.86653629919336
dan,1887,77.14720222892964
dan,1888,79.41248761149653
dan,1889,77.18396643109541
dan,1890,75.40544662309368
dan,1891,71.91819291819291
dan,1892,75.42460233297984
dan,1893,74.26547067123563
dan,1894,72.18675289045659
dan,1895,71.58396512509476
dan,1896,71.8865562403698
dan,1897,73.58006504687201
dan,1898,68.94312888198758
dan,1899,69.97627314814815
dan,1900,74.06666666666666
eng,1601,200.5
eng,1602,176.125
eng,1603,134.23076923076923
eng,1604,207.28571428571428
eng,1605,187.14285714285714
eng,1606,159.5
eng,1607,183.7
eng,1608,123.875
eng,1609,130.14285714285714
eng,1610,150.92857142857142
eng,1611,103.72727272727273
eng,1612,129.0
eng,1613,147.0
eng,1614,101.05555555555556
eng,1615,80.0
eng,1616,102.77777777777777
eng,1617,200.92307692307693
eng,1618,143.5
eng,1619,207.14285714285714
eng,1620,97.27272727272727
eng,1621,112.2
eng,1622,120.0
eng,1623,139.11764705882354
eng,1624,112.4
eng,1625,171.66666666666666
eng,1626,153.8181818181818
eng,1627,120.52631578947368
eng,1628,110.0
eng,1629,126.33333333333333
eng,1630,171.52380952380952
eng,1631,154.57142857142858
eng,1632,130.6
eng,1633,135.84848484848484
eng,1634,172.31578947368422
eng,1635,112.25
eng,1636,170.3846153846154
eng,1637,161.16666666666666
eng,1638,167.66666666666666
eng,1639,153.07142857142858
eng,1640,107.7948717948718
eng,1641,123.3125
eng,1642,132.53333333333333
eng,1643,132.5
eng,1644,97.825
eng,1645,125.53846153846153
eng,1646,129.28571428571428
eng,1647,132.71428571428572
eng,1648,149.55263157894737
eng,1649,147.47727272727272
eng,1650,161.65625
eng,1651,148.84444444444443
eng,1652,161.81967213114754
eng,1653,141.34782608695653
eng,1654,138.88235294117646
eng,1655,137.72881355932202
eng,1656,148.83870967741936
eng,1657,158.82857142857142
eng,1658,196.4915254237288
eng,1659,163.52380952380952
eng,1660,199.04
eng,1661,189.0408163265306
eng,1662,193.74285714285713
eng,1663,177.1304347826087
eng,1664,197.95
eng,1665,199.6206896551724
eng,1666,184.53333333333333
eng,1667,165.19230769230768
eng,1668,158.8108108108108
eng,1669,163.96491228070175
eng,1670,199.28571428571428
eng,1671,195.02631578947367
eng,1672,149.06060606060606
eng,1673,185.30232558139534
eng,1674,176.63888888888889
eng,1675,157.31914893617022
eng,1676,159.70731707317074
eng,1677,174.2962962962963
eng,1678,158.55555555555554
eng,1679,128.7111111111111
eng,1680,141.93617021276594
eng,1681,160.46
eng,1682,172.4
eng,1683,140.3673469387755
eng,1684,182.98275862068965
eng,1685,143.24137931034483
eng,1686,155.17241379310346
eng,1687,157.55882352941177
eng,1688,163.41176470588235
eng,1689,152.8918918918919
eng,1690,161.02702702702703
eng,1691,169.23684210526315
eng,1692,136.48888888888888
eng,1693,170.7906976744186
eng,1694,134.52459016393442
eng,1695,137.8125
eng,1696,160.34146341463415
eng,1697,170.78947368421052
eng,1698,196.8181818181818
eng,1699,158.38333333333333
eng,1700,138.59259259259258
eng,1701,123.62962962962963
eng,1702,150.92957746478874
eng,1703,129.02857142857144
eng,1704,146.54545454545453
eng,1705,186.24137931034483
eng,1706,157.79166666666666
eng,1707,154.41176470588235
eng,1708,125.97872340425532
eng,1709,162.1153846153846
eng,1710,131.2
eng,1711,149.73469387755102
eng,1712,142.9795918367347
eng,1713,129.8409090909091
eng,1714,151.01612903225808
eng,1715,128.25
eng,1716,146.52083333333334
eng,1717,149.28813559322035
eng,1718,148.39655172413794
eng,1719,178.1451612903226
eng,1720,152.92592592592592
eng,1721,175.58227848101265
eng,1722,188.98461538461538
eng,1723,169.85714285714286
eng,1724,142.56756756756758
eng,1725,162.16666666666666
eng,1726,137.9891304347826
eng,1727,140.46666666666667
eng,1728,154.18085106382978
eng,1729,188.49295774647888
eng,1730,142.15662650602408
eng,1731,144.22972972972974
eng,1732,138.91304347826087
eng,1733,137.0142857142857
eng,1734,149.64356435643563
eng,1735,136.85
eng,1736,162.73076923076923
eng,1737,138.27659574468086
eng,1738,157.33333333333334
eng,1739,144.98058252427185
eng,1740,150.75892857142858
eng,1741,163.22222222222223
eng,1742,163.82926829268294
eng,1743,156.50393700787401
eng,1744,141.66
eng,1745,161.6590909090909
eng,1746,149.75531914893617
eng,1747,163.1818181818182
eng,1748,148.53846153846155
eng,1749,151.57522123893804
eng,1750,145.67391304347825
eng,1751,147.4108527131783
eng,1752,125.69369369369369
eng,1753,142.58041958041957
eng,1754,167.21259842519686
eng,1755,156.57983193277312
eng,1756,160.65891472868216
eng,1757,144.94736842105263
eng,1758,156.60902255639098
eng,1759,142.6764705882353
eng,1760,150.2925170068027
eng,1761,152.3684210526316
eng,1762,130.18045112781954
eng,1763,123.85185185185185
eng,1764,146.6797385620915
eng,1765,133.93805309734512
eng,1766,137.86923076923077
eng,1767,135.47297297297297
eng,1768,122.83703703703704
eng,1769,162.57272727272726
eng,1770,130.01986754966887
eng,1771,155.020979020979
eng,1772,148.95092024539878
eng,1773,143.63829787234042
eng,1774,132.27152317880794
eng,1775,133.1875
eng,1776,125.2010582010582
eng,1777,148.89583333333334
eng,1778,138.024
eng,1779,138.16528925619835
eng,1780,154.1404958677686
eng,1781,113.25892857142857
eng,1782,149.21904761904761
eng,1783,138.45762711864407
eng,1784,151.61157024793388
eng,1785,125.09016393442623
eng,1786,128.84552845528455
eng,1787,152.0793650793651
eng,1788,132.03149606299212
eng,1789,144.44642857142858
eng,1790,142.5025641025641
eng,1791,146.4879518072289
eng,1792,129.3978494623656
eng,1793,134.8740740740741
eng,1794,137.59428571428572
eng,1795,132.91011235955057
eng,1796,121.80790960451978
eng,1797,139.9078014184397
eng,1798,128.74193548387098
eng,1799,137.76991150442478
eng,1800,138.0979020979021
eng,1801,139.38571428571427
eng,1802,172.09923664122138
eng,1803,141.52941176470588
eng,1804,140.34677419354838
eng,1805,134.05769230769232
eng,1806,145.13793103448276
eng,1807,146.28057553956833
eng,1808,138.4360902255639
eng,1809,146.48818897637796
eng,1810,141.84246575342465
eng,1811,150.2173913043478
eng,1812,147.71917808219177
eng,1813,150.30519480519482
eng,1814,139.89705882352942
eng,1815,128.7515923566879
eng,1816,135.90683229813664
eng,1817,134.8118811881188
eng,1818,145.29328621908127
eng,1819,130.70539419087137
eng,1820,136.593984962406
eng,1821,132.04803493449782
eng,1822,137.20642201834863
eng,1823,140.18859649122808
eng,1824,140.8095238095238
eng,1825,141.95180722891567
eng,1826,136.38248847926266
eng,1827,147.22310756972112
eng,1828,145.89082969432314
eng,1829,137.5435684647303
eng,1830,123.5114503816794
eng,1831,127.05809128630706
eng,1832,135.4979079497908
eng,1833,123.18218623481782
eng,1834,129.82022471910113
eng,1835,133.52918287937743
eng,1836,125.77914110429448
eng,1837,125.74903474903475
eng,1838,125.2542372881356
eng,1839,127.565749235474
eng,1840,119.8721590909091
eng,1841,127.72727272727273
eng,1842,120.10315186246419
eng,1843,131.37828947368422
eng,1844,137.28644501278774
eng,1845,120.22849462365592
eng,1846,122.19491525423729
eng,1847,129.21468926553672
eng,1848,125.57029177718833
eng,1849,128.43950617283951
eng,1850,112.85390428211586
eng,1851,115.95093457943925
eng,1852,125.57938144329897
eng,1853,125.5359223300971
eng,1854,116.36203090507726
eng,1855,120.78571428571429
eng,1856,113.09819121447029
eng,1857,123.08083140877598
eng,1858,114.43325526932084
eng,1859,118.70316301703163
eng,1860,117.34675615212528
eng,1861,118.27872340425532
eng,1862,114.75723830734967
eng,1863,114.89698492462311
eng,1864,114.54201680672269
eng,1865,110.37226277372262
eng,1866,113.4330900243309
eng,1867,108.86261261261261
eng,1868,105.02898550724638
eng,1869,112.12
eng,1870,105.5234521575985
eng,1871,106.0978886756238
eng,1872,106.78136882129277
eng,1873,104.55929203539823
eng,1874,108.84628378378379
eng,1875,104.43887147335423
eng,1876,104.51768488745981
eng,1877,101.69662921348315
eng,1878,105.89587073608618
eng,1879,102.55785837651122
eng,1880,100.69683908045977
eng,1881,98.9546875
eng,1882,99.85593220338983
eng,1883,95.17316017316017
eng,1884,100.83224967490247
eng,1885,94.34873949579831
eng,1886,94.20689655172414
eng,1887,93.03116883116883
eng,1888,96.87849331713244
eng,1889,91.52110977080821
eng,1890,95.02015677491602
eng,1891,96.23451776649746
eng,1892,88.03479853479854
eng,1893,94.52598566308244
eng,1894,94.28805834092981
eng,1895,90.11083333333333
eng,1896,89.15458937198068
eng,1897,90.35325264750378
eng,1898,88.72353389185072
eng,1899,86.15833973866256
eng,1900,64.5
fre,1601,145.6153846153846
fre,1602,141.3913043478261
fre,1603,131.025
fre,1604,126.875
fre,1605,110.01960784313725
fre,1606,122.11111111111111
fre,1607,119.60655737704919
fre,1608,127.66666666666667
fre,1609,127.52475247524752
fre,1610,130.72413793103448
fre,1611,124.61643835616438
fre,1612,131.5974025974026
fre,1613,150.45454545454547
fre,1614,103.76100628930817
fre,1615,111.79310344827586
fre,1616,121.32727272727273
fre,1617,101.70760233918129
fre,1618,127.264
fre,1619,115.15217391304348
fre,1620,123.69852941176471
fre,1621,117.11794871794872
fre,1622,114.82539682539682
fre,1623,116.0126582278481
fre,1624,114.3578947368421
fre,1625,116.03144654088051
fre,1626,140.38317757009347
fre,1627,111.29508196721312
fre,1628,144.63529411764705
fre,1629,113.94871794871794
fre,1630,145.9142857142857
fre,1631,100.75714285714285
fre,1632,129.97333333333333
fre,1633,118.09183673469387
fre,1634,116.22222222222223
fre,1635,114.1917808219178
fre,1636,123.47272727272727
fre,1637,99.25
fre,1638,118.09859154929578
fre,1639,119.05357142857143
fre,1640,119.40259740259741
fre,1641,106.45161290322581
fre,1642,100.90425531914893
fre,1643,111.05797101449275
fre,1644,122.06172839506173
fre,1645,107.1829268292683
fre,1646,111.47058823529412
fre,1647,114.20560747663552
fre,1648,112.11538461538461
fre,1649,129.38235294117646
fre,1650,117.30851063829788
fre,1651,112.27118644067797
fre,1652,139.25
fre,1653,135.4
fre,1654,117.8048780487805
fre,1655,116.8955223880597
fre,1656,113.63157894736842
fre,1657,149.17857142857142
fre,1658,133.19672131147541
fre,1659,127.38
fre,1660,140.39814814814815
fre,1661,112.68055555555556
fre,1662,112.15584415584415
fre,1663,134.26470588235293
fre,1664,132.69607843137254
fre,1665,110.904
fre,1666,124.70542635658914
fre,1667,128.09649122807016
fre,1668,112.62698412698413
fre,1669,111.5
fre,1670,142.53571428571428
fre,1671,110.98684210526316
fre,1672,133.76388888888889
fre,1673,120.58461538461539
fre,1674,121.33802816901408
fre,1675,116.66666666666667
fre,1676,129.29577464788733
fre,1677,112.58904109589041
fre,1678,113.1547619047619
fre,1679,120.06382978723404
fre,1680,106.45
fre,1681,112.4795918367347
fre,1682,124.05645161290323
fre,1683,106.89908256880734
fre,1684,115.87368421052632
fre,1685,129.9189189189189
fre,1686,105.86407766990291
fre,1687,113.28089887640449
fre,1688,117.984375
fre,1689,107.79816513761467
fre,1690,121.97647058823529
fre,1691,126.6063829787234
fre,1692,123.5959595959596
fre,1693,135.7027027027027
fre,1694,129.49122807017545
fre,1695,114.71641791044776
fre,1696,144.8045112781955
fre,1697,129.5242718446602
fre,1698,121.41758241758242
fre,1699,136.97752808988764
fre,1700,137.84552845528455
fre,1701,130.80645161290323
fre,1702,129.89333333333335
fre,1703,129.83333333333334
fre,1704,130.54545454545453
fre,1705,111.41791044776119
fre,1706,138.16923076923078
fre,1707,138.5441176470588
fre,1708,153.96923076923076
fre,1709,127.95588235294117
fre,1710,114.77777777777777
fre,1711,116.82
fre,1712,122.89830508474576
fre,1713,146.15853658536585
fre,1714,145.04819277108433
fre,1715,121.11538461538461
fre,1716,137.231884057971
fre,1717,165.3181818181818
fre,1718,135.28985507246378
fre,1719,114.67123287671232
fre,1720,135.775
fre,1721,111.6103896103896
fre,1722,131.1578947368421
fre,1723,133.6122448979592
fre,1724,119.70642201834862
fre,1725,146.51492537313433
fre,1726,153.02173913043478
fre,1727,157.15686274509804
fre,1728,142.96938775510205
fre,1729,153.89915966386553
fre,1730,121.01709401709402
fre,1731,124.09174311926606
fre,1732,129.81308411214954
fre,1733,143.80373831775702
fre,1734,122.96747967479675
fre,1735,129.256
fre,1736,140.10679611650485
fre,1737,134.6694214876033
fre,1738,131.46206896551723
fre,1739,135.3121387283237
fre,1740,132.72081218274113
fre,1741,132.9294117647059
fre,1742,115.32330827067669
fre,1743,134.7814569536424
fre,1744,138.36029411764707
fre,1745,133.4126984126984
fre,1746,129.67796610169492
fre,1747,119.61904761904762
fre,1748,114.62142857142857
fre,1749,127.49473684210527
fre,1750,128.11428571428573
fre,1751,109.2
fre,1752,118.31455399061034
fre,1753,117.74113475177305
fre,1754,129.3876651982379
fre,1755,127.90874524714829
fre,1756,126.85714285714286
fre,1757,118.79906542056075
fre,1758,120.49621212121212
fre,1759,119.49767441860465
fre,1760,112.68200836820084
fre,1761,119.75490196078431
fre,1762,111.33484162895928
fre,1763,120.23076923076923
fre,1764,117.89655172413794
fre,1765,122.6900826446281
fre,1766,127.96389891696751
fre,1767,126.31313131313131
fre,1768,108.90298507462687
fre,1769,118.97472924187726
fre,1770,130.98039215686273
fre,1771,121.40959409594096
fre,1772,127.87387387387388
fre,1773,130.13661202185793
fre,1774,116.40268456375838
fre,1775,115.53554502369668
fre,1776,120.8273092369478
fre,1777,126.3785046728972
fre,1778,127.01834862385321
fre,1779,109.92929292929293
fre,1780,122.30810810810812
fre,1781,115.66477272727273
fre,1782,117.22340425531915
fre,1783,114.83098591549296
fre,1784,112.82745098039216
fre,1785,114.28571428571429
fre,1786,119.79912663755458
fre,1787,122.63035019455253
fre,1788,109.1800766283525
fre,1789,125.06853582554517
fre,1790,121.971119133574
fre,1791,120.98850574712644
fre,1792,115.72727272727273
fre,1793,114.61643835616438
fre,1794,122.66473988439306
fre,1795,112.44052863436123
fre,1796,122.33495145631068
fre,1797,119.29957805907173
fre,1798,127.8298755186722
fre,1799,119.16071428571429
fre,1800,118.26384364820846
fre,1801,131.5825
fre,1802,131.0
fre,1803,129.20958083832335
fre,1804,114.59565217391304
fre,1805,130.57510729613733
fre,1806,128.3125
fre,1807,116.73493975903614
fre,1808,123.84102564102564
fre,1809,135.52941176470588
fre,1810,131.73837209302326
fre,1811,135.0251572327044
fre,1812,125.0
fre,1813,114.34693877551021
fre,1814,117.49382716049382
fre,1815,122.10588235294118
fre,1816,114.98564593301435
fre,1817,109.96197718631178
fre,1818,131.89964157706092
fre,1819,117.63103448275862
fre,1820,127.6842105263158
fre,1821,124.8804347826087
fre,1822,124.0641891891892
fre,1823,122.71803278688525
fre,1824,112.11699164345404
fre,1825,117.80547112462006
fre,1826,132.17191977077363
fre,1827,114.89735099337749
fre,1828,122.12921348314607
fre,1829,113.07716049382717
fre,1830,117.10240963855422
fre,1831,109.4862385321101
fre,1832,117.12676056338029
fre,1833,111.8729641693811
fre,1834,116.79937304075236
fre,1835,123.8406779661017
fre,1836,118.87724550898204
fre,1837,116.05352112676056
fre,1838,121.0791788856305
fre,1839,117.89724310776943
fre,1840,113.62041884816755
fre,1841,117.01415094339623
fre,1842,110.22196796338673
fre,1843,107.2883295194508
fre,1844,111.4
fre,1845,106.32307692307693
fre,1846,106.93894736842105
fre,1847,108.58687258687259
fre,1848,92.80670103092784
fre,1849,94.49074074074075
fre,1850,102.45727482678984
fre,1851,105.8340909090909
fre,1852,102.99538106235566
fre,1853,102.8327868852459
fre,1854,100.61837455830388
fre,1855,95.38070175438597
fre,1856,95.19789842381786
fre,1857,95.56862745098039
fre,1858,108.19607843137256
fre,1859,95.43478260869566
fre,1860,92.47626841243863
fre,1861,92.68901303538175
fre,1862,98.04013377926421
fre,1863,95.26275992438563
fre,1864,92.01893287435456
fre,1865,94.04492512479202
fre,1866,95.6528
fre,1867,94.33088235294117
fre,1868,93.99849849849849
fre,1869,86.46747352496217
fre,1870,88.43979933110369
fre,1871,83.26954732510288
fre,1872,91.23561643835616
fre,1873,97.25384615384615
fre,1874,96.7687074829932
fre,1875,95.09186046511628
fre,1876,102.74032459425717
fre,1877,92.48560209424083
fre,1878,93.59219858156028
fre,1879,90.95646606914212
fre,1880,90.92694610778443
fre,1881,92.86328125
fre,1882,90.27448609431681
fre,1883,88.6993987975952
fre,1884,93.83716075156576
fre,1885,92.16173361522199
fre,1886,90.98577680525165
fre,1887,92.49889380530973
fre,1888,92.57876712328768
fre,1889,94.58326068003487
fre,1890,92.77538461538461
fre,1891,87.34769230769231
fre,1892,89.26221804511279
fre,1893,87.8511673151751
fre,1894,86.40438871473354
fre,1895,82.12692967409949
fre,1896,80.714865962632
fre,1897,75.02795527156549
fre,1898,73.57611070648215
fre,1899,78.21029411764705
fre,1900,76.0
ger,1601,227.65384615384616
ger,1602,194.77586206896552
ger,1603,234.04040404040404
ger,1604,194.5
ger,1605,206.66129032258064
ger,1606,236.65
ger,1607,187.29577464788733
ger,1608,201.87012987012986
ger,1609,180.0655737704918
ger,1610,218.42696629213484
ger,1611,210.8041237113402
ger,1612,185.07
ger,1613,206.22222222222223
ger,1614,221.94897959183675
ger,1615,187.0126582278481
ger,1616,209.69411764705882
ger,1617,193.15584415584416
ger,1618,180.24761904761905
ger,1619,204.35353535353536
ger,1620,213.69291338582678
ger,1621,187.68269230769232
ger,1622,217.275
ger,1623,210.76623376623377
ger,1624,203.53333333333333
ger,1625,202.81720430107526
ger,1626,295.4019607843137
ger,1627,210.40384615384616
ger,1628,238.05194805194805
ger,1629,234.94897959183675
ger,1630,265.0705882352941
ger,1631,198.3421052631579
ger,1632,183.12790697674419
ger,1633,199.96774193548387
ger,1634,189.58441558441558
ger,1635,279.2258064516129
ger,1636,217.11111111111111
ger,1637,235.93548387096774
ger,1638,212.57627118644066
ger,1639,206.1764705882353
ger,1640,255.2054794520548
ger,1641,210.27450980392157
ger,1642,224.16666666666666
ger,1643,204.4390243902439
ger,1644,231.44585987261146
ger,1645,220.6184210526316
ger,1646,201.56338028169014
ger,1647,217.6551724137931
ger,1648,276.7951807228916
ger,1649,197.79365079365078
ger,1650,218.2
ger,1651,207.10714285714286
ger,1652,250.45652173913044
ger,1653,205.57142857142858
ger,1654,187.5108695652174
ger,1655,192.75257731958763
ger,1656,200.27450980392157
ger,1657,236.2171052631579
ger,1658,213.0
ger,1659,248.31147540983608
ger,1660,214.44666666666666
ger,1661,207.49166666666667
ger,1662,198.65432098765433
ger,1663,233.0222222222222
ger,1664,205.9318181818182
ger,1665,218.83333333333334
ger,1666,218.92307692307693
ger,1667,225.32743362831857
ger,1668,235.05042016806723
ger,1669,224.05555555555554
ger,1670,228.94642857142858
ger,1671,237.61627906976744
ger,1672,204.02631578947367
ger,1673,192.31746031746033
ger,1674,222.3828125
ger,1675,211.86363636363637
ger,1676,207.1095890410959
ger,1677,218.625
ger,1678,188.70247933884298
ger,1679,227.09923664122138
ger,1680,195.046875
ger,1681,203.28571428571428
ger,1682,201.5137614678899
ger,1683,207.87878787878788
ger,1684,196.4812030075188
ger,1685,209.21518987341773
ger,1686,238.02721088435374
ger,1687,229.95138888888889
ger,1688,204.75
ger,1689,229.6640625
ger,1690,216.83464566929135
ger,1691,203.7109375
ger,1692,231.94074074074075
ger,1693,197.06493506493507
ger,1694,207.44897959183675
ger,1695,195.07751937984497
ger,1696,247.34730538922156
ger,1697,199.04142011834318
ger,1698,212.36216216216215
ger,1699,197.90860215053763
ger,1700,191.38493723849373
ger,1701,190.67424242424244
ger,1702,179.231884057971
ger,1703,197.43283582089552
ger,1704,170.9685534591195
ger,1705,210.2828947368421
ger,1706,179.43636363636364
ger,1707,164.9391891891892
ger,1708,179.83009708737865
ger,1709,177.9945054945055
ger,1710,193.16417910447763
ger,1711,175.50588235294117
ger,1712,174.72682926829268
ger,1713,191.5021645021645
ger,1714,194.47342995169083
ger,1715,201.52808988764045
ger,1716,199.23720930232557
ger,1717,199.78571428571428
ger,1718,182.91919191919192
ger,1719,194.92708333333334
ger,1720,192.39055793991417
ger,1721,202.968
ger,1722,201.81052631578947
ger,1723,175.28310502283105
ger,1724,193.38135593220338
ger,1725,184.02369668246445
ger,1726,194.04040404040404
ger,1727,184.5891089108911
ger,1728,189.99435028248587
ger,1729,183.31958762886597
ger,1730,207.13584905660377
ger,1731,187.22608695652173
ger,1732,194.57261410788382
ger,1733,183.45569620253164
ger,1734,190.21052631578948
ger,1735,178.53898305084746
ger,1736,189.66788321167883
ger,1737,179.19291338582678
ger,1738,175.1787072243346
ger,1739,171.5049504950495
ger,1740,172.31675392670158
ger,1741,181.9375
ger,1742,172.23107569721117
ger,1743,181.36482084690553
ger,1744,196.96296296296296
ger,1745,175.2962962962963
ger,1746,161.2
ger,1747,164.34319526627218
ger,1748,175.8962765957447
ger,1749,174.32581453634086
ger,1750,165.16546762589928
ger,1751,158.63227513227514
ger,1752,148.59188544152744
ger,1753,149.94146341463414
ger,1754,152.93882978723406
ger,1755,150.0690537084399
ger,1756,157.21966527196653
ger,1757,142.3033033033033
ger,1758,145.32380952380953
ger,1759,139.68141592920355
ger,1760,153.1108695652174
ger,1761,142.78637770897834
ger,1762,129.3921568627451
ger,1763,137.88031914893617
ger,1764,136.50943396226415
ger,1765,138.2
ger,1766,138.47816593886463
ger,1767,143.6919540229885
ger,1768,135.3846153846154
ger,1769,132.59634888438134
ger,1770,123.5583864118896
ger,1771,125.66666666666667
ger,1772,135.38485316846987
ger,1773,132.28349514563106
ger,1774,126.08771929824562
ger,1775,115.83130699088146
ger,1776,120.89833333333333
ger,1777,117.09379727685325
ger,1778,122.64771151178918
ger,1779,112.76804915514593
ger,1780,119.4867374005305
ger,1781,118.775
ger,1782,118.97695852534562
ger,1783,115.27398843930636
ger,1784,115.38048245614036
ger,1785,117.82100750267954
ger,1786,116.28231939163499
ger,1787,117.11645101663586
ger,1788,114.39210019267823
ger,1789,116.44584837545126
ger,1790,117.47202166064982
ger,1791,116.34113411341134
ger,1792,117.54545454545455
ger,1793,117.52104770813845
ger,1794,118.21797520661157
ger,1795,116.87259100642399
ger,1796,115.91454730417091
ger,1797,118.55966386554621
ger,1798,118.06334125098971
ger,1799,118.55034213098729
ger,1800,115.37040205303678
ger,1801,122.23053892215569
ger,1802,118.51483420593368
ger,1803,119.68683274021352
ger,1804,117.92903225806451
ger,1805,120.69210053859965
ger,1806,116.10352673492605
ger,1807,114.85614525139665
ger,1808,114.46922024623802
ger,1809,115.29794520547945
ger,1810,113.16812609457092
ger,1811,117.2688588007737
ger,1812,110.68484848484849
ger,1813,113.0703933747412
ger,1814,113.08296943231441
ger,1815,113.3529411764706
ger,1816,117.47319034852546
ger,1817,117.85249237029501
ger,1818,120.81
ger,1819,123.05103042198233
ger,1820,119.91179385530228
ger,1821,115.13928914505283
ger,1822,123.18078512396694
ger,1823,115.90831556503198
ger,1824,126.82359081419624
ger,1825,122.44186046511628
ger,1826,126.02259332023576
ger,1827,121.10459433040079
ger,1828,124.61367837338263
ger,1829,127.0294388224471
ger,1830,125.89251934651763
ger,1831,122.3175572519084
ger,1832,123.43798785776237
ger,1833,123.82521489971347
ger,1834,127.49819168173599
ger,1835,120.5855096882898
ger,1836,121.23534558180228
ger,1837,119.98317307692308
ger,1838,122.5181660899654
ger,1839,118.8488
ger,1840,117.6054469273743
ger,1841,111.39614740368509
ger,1842,113.57808857808858
ger,1843,110.03017241379311
ger,1844,113.88540972684876
ger,1845,112.25603864734299
ger,1846,115.09736180904522
ger,1847,115.87624750499002
ger,1848,107.9709035222052
ger,1849,109.59634551495017
ger,1850,108.58625162127107
ger,1851,108.17218543046357
ger,1852,106.01655629139073
ger,1853,105.48215444516548
ger,1854,107.25714285714285
ger,1855,109.68791064388962
ger,1856,106.41967012828344
ger,1857,108.93711083437111
ger,1858,105.9899193548387
ger,1859,105.83067314365024
ger,1860,102.66688144329896
ger,1861,105.47322623828649
ger,1862,102.94954128440367
ger,1863,99.70535714285714
ger,1864,104.49752999294283
ger,1865,100.4968152866242
ger,1866,97.6810661764706
ger,1867,98.19114027891715
ger,1868,103.05477178423237
ger,1869,99.92427616926503
ger,1870,101.07779578606159
ger,1871,96.071189279732
ger,1872,97.6938341601701
ger,1873,94.80699562773266
ger,1874,97.51351351351352
ger,1875,98.78903225806451
ger,1876,94.21246105919003
ger,1877,95.93103448275862
ger,1878,97.65281501340482
ger,1879,96.75174013921114
ger,1880,95.75728732897085
ger,1881,97.71436881908086
ger,1882,94.79037974683544
ger,1883,96.9863163656267
ger,1884,96.26635021097046
ger,1885,93.53802379720642
ger,1886,94.49774887443722
ger,1887,95.24972004479284
ger,1888,94.05221072436501
ger,1889,93.73294908741595
ger,1890,95.64658273381295
ger,1891,94.97586520947176
ger,1892,93.98817345597898
ger,1893,91.24725516029864
ger,1894,92.44144144144144
ger,1895,93.33768494342907
ger,1896,89.58621987951807
ger,1897,90.80340264650283
ger,1898,87.5521308980213
ger,1899,89.14587189929655
ger,1900,68.33333333333333
lat,1600,139.0
lat,1601,141.90068493150685
lat,1602,138.48993288590603
lat,1603,131.87417218543047
lat,1604,141.32871972318338
lat,1605,134.60443037974684
lat,1606,155.00333333333333
lat,1607,138.44144144144144
lat,1608,145.1830601092896
lat,1609,146.33692722371967
lat,1610,146.24365482233503
lat,1611,158.27807486631016
lat,1612,147.703125
lat,1613,142.2277777777778
lat,1614,142.7054054054054
lat,1615,152.35967302452315
lat,1616,145.4561403508772
lat,1617,155.82872928176795
lat,1618,138.47382920110192
lat,1619,140.28643216080403
lat,1620,138.26436781609195
lat,1621,142.51666666666668
lat,1622,151.73207547169812
lat,1623,127.37606837606837
lat,1624,142.9250936329588
lat,1625,139.03058103975536
lat,1626,137.0984251968504
lat,1627,149.9056603773585
lat,1628,148.52280701754387
lat,1629,136.53046594982078
lat,1630,142.56985294117646
lat,1631,139.6259541984733
lat,1632,132.4331797235023
lat,1633,132.69037656903765
lat,1634,137.32442748091603
lat,1635,132.46818181818182
lat,1636,128.40084388185653
lat,1637,126.90948275862068
lat,1638,136.87847222222223
lat,1639,129.72222222222223
lat,1640,126.17491749174917
lat,1641,141.08163265306123
lat,1642,138.89411764705883
lat,1643,136.21751412429379
lat,1644,138.38968481375358
lat,1645,130.84022038567494
lat,1646,134.89444444444445
lat,1647,135.7568493150685
lat,1648,139.0
lat,1649,138.4969135802469
lat,1650,127.75348837209302
lat,1651,137.44
lat,1652,134.61666666666667
lat,1653,133.3106796116505
lat,1654,131.3989769820972
lat,1655,147.5595238095238
lat,1656,134.79895561357702
lat,1657,148.4060606060606
lat,1658,141.04731861198738
lat,1659,140.64885496183206
lat,1660,141.74931129476585
lat,1661,148.97252747252747
lat,1662,141.0258064516129
lat,1663,140.71518987341773
lat,1664,137.55081967213115
lat,1665,151.8903743315508
lat,1666,144.86053412462908
lat,1667,143.87118644067797
lat,1668,152.128
lat,1669,142.29032258064515
lat,1670,145.85676392572944
lat,1671,143.1639344262295
lat,1672,144.1
lat,1673,136.55183946488293
lat,1674,144.6014492753623
lat,1675,145.819209039548
lat,1676,140.54666666666665
lat,1677,133.4814814814815
lat,1678,136.04605263157896
lat,1679,143.2941176470588
lat,1680,136.01941747572815
lat,1681,136.57261410788382
lat,1682,148.85454545454544
lat,1683,145.45488721804512
lat,1684,143.9358108108108
lat,1685,158.37573964497042
lat,1686,141.23899371069183
lat,1687,152.94754098360656
lat,1688,146.11254019292605
lat,1689,142.55805243445693
lat,1690,146.28321678321677
lat,1691,144.55078125
lat,1692,145.57818181818183
lat,1693,142.40636042402826
lat,1694,139.61461794019934
lat,1695,143.70491803278688
lat,1696,149.99722222222223
lat,1697,145.396875
lat,1698,141.06344410876133
lat,1699,150.48048048048048
lat,1700,141.12844036697248
lat,1701,129.25566343042073
lat,1702,131.789156626506
lat,1703,129.36723163841808
lat,1704,120.09366391184572
lat,1705,137.3469387755102
lat,1706,131.37426900584796
lat,1707,125.14689265536722
lat,1708,136.05671641791045
lat,1709,134.62424242424242
lat,1710,137.10828025477707
lat,1711,135.73818181818183
lat,1712,135.70671378091873
lat,1713,135.36741214057508
lat,1714,132.91194968553458
lat,1715,133.53658536585365
lat,1716,129.43055555555554
lat,1717,137.29768786127167
lat,1718,150.10294117647058
lat,1719,140.65286624203821
lat,1720,139.5582191780822
lat,1721,136.6043165467626
lat,1722,133.020979020979
lat,1723,140.14511041009465
lat,1724,126.62717770034843
lat,1725,140.81877022653723
lat,1726,139.7117117117117
lat,1727,131.37993920972644
lat,1728,139.00333333333333
lat,1729,132.5287009063444
lat,1730,134.22875816993465
lat,1731,146.8524096385542
lat,1732,124.67711598746081
lat,1733,127.89603960396039
lat,1734,122.48418491484185
lat,1735,127.26682692307692
lat,1736,124.84196891191709
lat,1737,137.98765432098764
lat,1738,135.87692307692308
lat,1739,141.64643799472296
lat,1740,132.40704500978472
lat,1741,126.15641025641025
lat,1742,125.09562841530055
lat,1743,124.95
lat,1744,132.4909090909091
lat,1745,125.75797872340425
lat,1746,125.07817589576547
lat,1747,142.24489795918367
lat,1748,129.57057057057057
lat,1749,133.4300518134715
lat,1750,128.44817927170868
lat,1751,130.1410579345088
lat,1752,116.97567567567567
lat,1753,125.91331269349845
lat,1754,121.27664974619289
lat,1755,125.58702064896755
lat,1756,126.06168831168831
lat,1757,130.35693215339234
lat,1758,129.10507246376812
lat,1759,116.88076923076923
lat,1760,140.83480825958702
lat,1761,121.27491408934708
lat,1762,122.04605263157895
lat,1763,122.80139372822299
lat,1764,120.9042904290429
lat,1765,114.53183520599251
lat,1766,117.04242424242425
lat,1767,122.55305466237942
lat,1768,110.57986111111111
lat,1769,115.11525423728814
lat,1770,111.36585365853658
lat,1771,106.15384615384616
lat,1772,123.79804560260587
lat,1773,119.0
lat,1774,120.82911392405063
lat,1775,116.67867867867868
lat,1776,110.6955223880597
lat,1777,114.56521739130434
lat,1778,125.09491525423729
lat,1779,114.50533807829181
lat,1780,133.6818181818182
lat,1781,115.4724409448819
lat,1782,112.54980079681275
lat,1783,118.2890625
lat,1784,121.16796875
lat,1785,125.03928571428571
lat,1786,118.47333333333333
lat,1787,115.7043795620438
lat,1788,125.55
lat,1789,120.85507246376811
lat,1790,122.94594594594595
lat,1791,117.67916666666666
lat,1792,123.5823754789272
lat,1793,119.13419913419914
lat,1794,110.60633484162896
lat,1795,115.75121951219512
lat,1796,115.9238578680203
lat,1797,123.08597285067873
lat,1798,116.37219730941705
lat,1799,112.6094674556213
lat,1800,105.68243243243244
lat,1801,114.23463687150839
lat,1802,118.95027624309392
lat,1803,117.85185185185185
lat,1804,114.31067961165049
lat,1805,113.89637305699482
lat,1806,108.57560975609756
lat,1807,116.54166666666667
lat,1808,118.82352941176471
lat,1809,121.99342105263158
lat,1810,118.43396226415095
lat,1811,119.02614379084967
lat,1812,114.97222222222223
lat,1813,106.81060606060606
lat,1814,118.80152671755725
lat,1815,125.82673267326733
lat,1816,124.4010989010989
lat,1817,123.80701754385964
lat,1818,122.84351145038168
lat,1819,118.328
lat,1820,122.80081300813008
lat,1821,119.95967741935483
lat,1822,113.3125
lat,1823,119.32941176470588
lat,1824,120.44904458598727
lat,1825,113.2514450867052
lat,1826,130.21192052980132
lat,1827,122.94276094276094
lat,1828,125.71104815864022
lat,1829,116.3622754491018
lat,1830,118.46302250803859
lat,1831,117.5807560137457
lat,1832,122.66244725738396
lat,1833,116.41923076923077
lat,1834,109.62371134020619
lat,1835,115.53508771929825
lat,1836,122.58479532163743
lat,1837,102.1889400921659
lat,1838,100.31067961165049
lat,1839,108.48175182481752
lat,1840,113.24199288256227
lat,1841,113.22222222222223
lat,1842,107.65502183406113
lat,1843,106.97948717948718
lat,1844,113.66836734693878
lat,1845,113.56043956043956
lat,1846,112.05803571428571
lat,1847,122.683908045977
lat,1848,108.67532467532467
lat,1849,108.99145299145299
lat,1850,112.9113924050633
lat,1851,101.23353293413173
lat,1852,104.6470588235294
lat,1853,107.58918918918918
lat,1854,104.26760563380282
lat,1855,110.36054421768708
lat,1856,121.03086419753086
lat,1857,114.58552631578948
lat,1858,108.44444444444444
lat,1859,115.85106382978724
lat,1860,107.28220858895706
lat,1861,116.74705882352941
lat,1862,105.4201680672269
lat,1863,116.91935483870968
lat,1864,111.55797101449275
lat,1865,100.84545454545454
lat,1866,112.17829457364341
lat,1867,120.75539568345324
lat,1868,102.69811320754717
lat,1869,111.06164383561644
lat,1870,102.77906976744185
lat,1871,104.10891089108911
lat,1872,110.13084112149532
lat,1873,130.97260273972603
lat,1874,109.15748031496064
lat,1875,126.16666666666667
lat,1876,120.53333333333333
lat,1877,106.19469026548673
lat,1878,109.87254901960785
lat,1879,105.51886792452831
lat,1880,116.15517241379311
lat,1881,107.79439252336448
lat,1882,107.85344827586206
lat,1883,106.22900763358778
lat,1884,111.8921568627451
lat,1885,108.94736842105263
lat,1886,106.34482758620689
lat,1887,104.15602836879432
lat,1888,120.72847682119205
lat,1889,108.5104895104895
lat,1890,109.28971962616822
lat,1891,112.41566265060241
lat,1892,95.32231404958678
lat,1893,105.02857142857142
lat,1894,114.76984126984127
lat,1895,98.64516129032258
lat,1896,104.65248226950355
lat,1897,110.11023622047244
lat,1898,90.93430656934306
lat,1899,98.37383177570094
